sep=,
METADATA:  
subscript:  demo data 
max_x:  134.620000 
x_shift:  0.300000 
from_x:  0.300000 
to_x:  132.000000 
generated:  16-Mar-2019 16:03:07 

REPORT_DATA:

X_vals,64.000000,64.000000,64.000000,64.000000,64.000000,96.000000,96.000000,96.000000,96.000000,96.000000,118.000000,118.000000,118.000000,118.000000,118.000000,130.000000,130.000000,130.000000,130.000000,130.000000,
groups,GROUP_1,GROUP_2,GROUP_3,min,max,GROUP_1,GROUP_2,GROUP_3,min,max,GROUP_1,GROUP_2,GROUP_3,min,max,GROUP_1,GROUP_2,GROUP_3,min,max,
mu,-114.400000,-114.600000,-117.700000,-117.700000,-114.400000,-125.200000,-125.900000,-130.300000,-130.300000,-125.200000,-129.700000,-130.700000,-135.800000,-135.800000,-129.700000,-131.600000,-132.800000,-138.200000,-138.200000,-131.600000,
sigma,4.200000,12.100000,15.100000,4.200000,15.100000,4.900000,14.900000,18.800000,4.900000,18.800000,5.200000,16.300000,20.700000,5.200000,20.700000,5.400000,17.000000,21.600000,5.400000,21.600000,
mu+3sigma,-101.900000,-78.300000,-72.300000,-101.900000,-72.300000,-110.600000,-81.100000,-73.900000,-110.600000,-73.900000,-114.200000,-81.700000,-73.800000,-114.200000,-73.800000,-115.500000,-81.600000,-73.600000,-115.500000,-73.600000,
mu-3sigma,-127.000000,-150.800000,-163.100000,-163.100000,-127.000000,-139.800000,-170.700000,-186.600000,-186.600000,-139.800000,-145.300000,-179.800000,-197.800000,-197.800000,-145.300000,-147.800000,-183.900000,-202.900000,-202.900000,-147.800000,
Int_max,-100.740000,-94.920000,-96.700000,-100.740000,-94.920000,-108.760000,-101.970000,-103.750000,-108.760000,-101.970000,-112.030000,-104.350000,-106.500000,-112.030000,-104.350000,-113.050000,-105.210000,-107.910000,-113.050000,-105.210000,
Int_min,-121.040000,-137.210000,-151.140000,-151.140000,-121.040000,-132.650000,-153.810000,-170.400000,-170.400000,-132.650000,-137.640000,-161.590000,-178.910000,-178.910000,-137.640000,-140.000000,-165.070000,-182.810000,-182.810000,-140.000000,
